Datetime,Water Level (m)
2025-09-18 12:00:00,-3.3704433e-07
2025-09-18 13:00:00,-4.1406386e-07
2025-09-18 14:00:00,-4.813655e-07
2025-09-18 15:00:00,-5.422004e-07
2025-09-18 16:00:00,-5.946616e-07
2025-09-18 17:00:00,-6.3933277e-07
2025-09-18 18:00:00,-6.842499e-07
2025-09-18 19:00:00,-7.331659e-07
2025-09-18 20:00:00,-7.883256e-07
2025-09-18 21:00:00,-8.624385e-07
2025-09-18 22:00:00,-9.24892e-07
2025-09-18 23:00:00,-0.005166727
2025-09-19 00:00:00,0.14744838
2025-09-19 01:00:00,0.15587936
2025-09-19 02:00:00,0.15243126
2025-09-19 03:00:00,0.15162808
2025-09-19 04:00:00,0.1537721
2025-09-19 05:00:00,0.15914659
2025-09-19 06:00:00,0.15867567
2025-09-19 07:00:00,0.1661105
2025-09-19 08:00:00,0.17321189
2025-09-19 09:00:00,0.18610382
2025-09-19 10:00:00,0.19671859
2025-09-19 11:00:00,0.21017572
2025-09-19 12:00:00,0.2237182
2025-09-19 13:00:00,0.23630749
2025-09-19 14:00:00,0.24333584
2025-09-19 15:00:00,0.24778946
2025-09-19 16:00:00,0.24896933
2025-09-19 17:00:00,0.24636015
2025-09-19 18:00:00,0.2477929
2025-09-19 19:00:00,0.25608554
2025-09-19 20:00:00,0.26939678
2025-09-19 21:00:00,0.28658143
2025-09-19 22:00:00,0.30641934
2025-09-19 23:00:00,0.3274734
2025-09-20 00:00:00,0.3479842
2025-09-20 01:00:00,0.36722615
2025-09-20 02:00:00,0.38473344
2025-09-20 03:00:00,0.40058732
2025-09-20 04:00:00,0.41457823
2025-09-20 05:00:00,0.4272169
2025-09-20 06:00:00,0.4454341
2025-09-20 07:00:00,0.47382277
2025-09-20 08:00:00,0.50941247
2025-09-20 09:00:00,0.54933625
2025-09-20 10:00:00,0.5917406
2025-09-20 11:00:00,0.65661436
2025-09-20 12:00:00,0.72111976
2025-09-20 13:00:00,0.7751098
2025-09-20 14:00:00,0.8210893
2025-09-20 15:00:00,0.86096764
2025-09-20 16:00:00,0.8958084
2025-09-20 17:00:00,0.92684966
2025-09-20 18:00:00,0.9551727
2025-09-20 19:00:00,0.98309314
2025-09-20 20:00:00,1.0133573
2025-09-20 21:00:00,1.046459
2025-09-20 22:00:00,1.0812383
2025-09-20 23:00:00,1.1163465
2025-09-21 00:00:00,1.1506971
2025-09-21 01:00:00,1.182354
2025-09-21 02:00:00,1.2114433
2025-09-21 03:00:00,1.2384279
2025-09-21 04:00:00,1.2627894
2025-09-21 05:00:00,1.2851125
2025-09-21 06:00:00,1.3062572
2025-09-21 07:00:00,1.3282801
2025-09-21 08:00:00,1.3532745
2025-09-21 09:00:00,1.3816842
2025-09-21 10:00:00,1.4127758
2025-09-21 11:00:00,1.4456939
2025-09-21 12:00:00,1.4781411
2025-09-21 13:00:00,1.5075089
2025-09-21 14:00:00,1.5347337
2025-09-21 15:00:00,1.5597607
2025-09-21 16:00:00,1.5829782
2025-09-21 17:00:00,1.6042572
2025-09-21 18:00:00,1.623761
2025-09-21 19:00:00,1.6426433
2025-09-21 20:00:00,1.6635331
2025-09-21 21:00:00,1.6886609
2025-09-21 22:00:00,1.7159557
2025-09-21 23:00:00,1.7444464
2025-09-22 00:00:00,1.7726139
2025-09-22 01:00:00,1.7982818
2025-09-22 02:00:00,1.8219345
2025-09-22 03:00:00,1.8440893
2025-09-22 04:00:00,1.8638864
2025-09-22 05:00:00,1.8817137
2025-09-22 06:00:00,1.8977746
2025-09-22 07:00:00,1.9133469
2025-09-22 08:00:00,1.9302471
2025-09-22 09:00:00,1.9503804
2025-09-22 10:00:00,1.9729536
2025-09-22 11:00:00,1.9969865
2025-09-22 12:00:00,2.0210853
2025-09-22 13:00:00,2.043305
2025-09-22 14:00:00,2.0664127
2025-09-22 15:00:00,2.0962164
2025-09-22 16:00:00,2.128031
2025-09-22 17:00:00,2.1576989
2025-09-22 18:00:00,2.190926
2025-09-22 19:00:00,2.2166557
2025-09-22 20:00:00,2.2388875
2025-09-22 21:00:00,2.2617395
2025-09-22 22:00:00,2.286671
2025-09-22 23:00:00,2.312178
2025-09-23 00:00:00,2.33663
2025-09-23 01:00:00,2.3587296
2025-09-23 02:00:00,2.3786323
2025-09-23 03:00:00,2.3962982
2025-09-23 04:00:00,2.4118812
2025-09-23 05:00:00,2.4259167
2025-09-23 06:00:00,2.4380875
2025-09-23 07:00:00,2.4486852
2025-09-23 08:00:00,2.4592643
2025-09-23 09:00:00,2.4721825
2025-09-23 10:00:00,2.4877439
2025-09-23 11:00:00,2.5049758
2025-09-23 12:00:00,2.523313
2025-09-23 13:00:00,2.5404465
2025-09-23 14:00:00,2.5553858
2025-09-23 15:00:00,2.568841
2025-09-23 16:00:00,2.5803335
2025-09-23 17:00:00,2.590202
2025-09-23 18:00:00,2.5985167
2025-09-23 19:00:00,2.6054053
2025-09-23 20:00:00,2.61199
2025-09-23 21:00:00,2.6202412
2025-09-23 22:00:00,2.631937
2025-09-23 23:00:00,2.6460328
2025-09-24 00:00:00,2.6028624
2025-09-24 01:00:00,2.584165
2025-09-24 02:00:00,2.5840864
2025-09-24 03:00:00,2.5807867
2025-09-24 04:00:00,2.5773425
2025-09-24 05:00:00,2.5736701
2025-09-24 06:00:00,2.5700636
2025-09-24 07:00:00,2.5659943
2025-09-24 08:00:00,2.5626545
2025-09-24 09:00:00,2.5621502
2025-09-24 10:00:00,2.5667596
2025-09-24 11:00:00,2.5757759
2025-09-24 12:00:00,2.5867884
